{
  "sources": [
    {
      "type": "paletted_permutations",
      "textures": [
        "trims/models/armor/coast",
        "trims/models/armor/coast_leggings",
        "trims/models/armor/sentry",
        "trims/models/armor/sentry_leggings",
        "trims/models/armor/dune",
        "trims/models/armor/dune_leggings",
        "trims/models/armor/wild",
        "trims/models/armor/wild_leggings",
        "trims/models/armor/ward",
        "trims/models/armor/ward_leggings",
        "trims/models/armor/eye",
        "trims/models/armor/eye_leggings",
        "trims/models/armor/vex",
        "trims/models/armor/vex_leggings",
        "trims/models/armor/tide",
        "trims/models/armor/tide_leggings",
        "trims/models/armor/snout",
        "trims/models/armor/snout_leggings",
        "trims/models/armor/rib",
        "trims/models/armor/rib_leggings",
        "trims/models/armor/spire",
        "trims/models/armor/spire_leggings",
        "trims/models/armor/wayfinder",
        "trims/models/armor/wayfinder_leggings",
        "trims/models/armor/shaper",
        "trims/models/armor/shaper_leggings",
        "trims/models/armor/silence",
        "trims/models/armor/silence_leggings",
        "trims/models/armor/raiser",
        "trims/models/armor/raiser_leggings",
        "trims/models/armor/host",
        "trims/models/armor/host_leggings"
      ],
      "palette_key": "trims/color_palettes/trim_palette",
      "permutations": {
        "zanite": "trims/color_palettes/zanite",
		"gravitite": "trims/color_palettes/gravitite",
		"steel": "trims/color_palettes/steel",
		"desh": "trims/color_palettes/desh",
		"ostrum": "trims/color_palettes/ostrum",
		"calorite": "trims/color_palettes/calorite"
      }
    }
  ]
}