{
  "sources": [
    {
      "type": "paletted_permutations",
      "textures": [
        "trims/items/leggings_trim",
        "trims/items/chestplate_trim",
        "trims/items/helmet_trim",
        "trims/items/boots_trim"
      ],
      "palette_key": "trims/color_palettes/trim_palette",
      "permutations": {
        "zanite": "trims/color_palettes/zanite",
		"gravitite": "trims/color_palettes/gravitite",
		"steel": "trims/color_palettes/steel",
		"desh": "trims/color_palettes/desh",
		"ostrum": "trims/color_palettes/ostrum",
		"calorite": "trims/color_palettes/calorite"
      }
    }
  ]
}