{
  "parent": "minecraft:item/generated",
  "overrides": [
    {
      "model": "minecraft:item/diamond_helmet_quartz_trim",
      "predicate": {
        "trim_type": 0.1
      }
    },
    {
      "model": "minecraft:item/diamond_helmet_ostrum_trim",
      "predicate": {
        "trim_type": 0.15
      }
    },
    {
      "model": "minecraft:item/diamond_helmet_iron_trim",
      "predicate": {
        "trim_type": 0.2
      }
    },
    {
      "model": "minecraft:item/diamond_helmet_netherite_trim",
      "predicate": {
        "trim_type": 0.3
      }
    },
    {
      "model": "minecraft:item/diamond_helmet_steel_trim",
      "predicate": {
        "trim_type": 0.35
      }
    },
    {
      "model": "minecraft:item/diamond_helmet_redstone_trim",
      "predicate": {
        "trim_type": 0.4
      }
    },
    {
      "model": "minecraft:item/diamond_helmet_calorite_trim",
      "predicate": {
        "trim_type": 0.45
      }
    },
    {
      "model": "minecraft:item/diamond_helmet_copper_trim",
      "predicate": {
        "trim_type": 0.5
      }
    },
    {
      "model": "minecraft:item/diamond_helmet_desh_trim",
      "predicate": {
        "trim_type": 0.55
      }
    },
    {
      "model": "minecraft:item/diamond_helmet_gold_trim",
      "predicate": {
        "trim_type": 0.6
      }
    },
    {
      "model": "minecraft:item/diamond_helmet_emerald_trim",
      "predicate": {
        "trim_type": 0.7
      }
    },
    {
      "model": "minecraft:item/diamond_helmet_diamond_darker_trim",
      "predicate": {
        "trim_type": 0.8
      }
    },
    {
      "model": "minecraft:item/diamond_helmet_lapis_trim",
      "predicate": {
        "trim_type": 0.9
      }
    },
    {
      "model": "minecraft:item/diamond_helmet_zanite_trim",
      "predicate": {
        "trim_type": 0.98
      }
    },
    {
      "model": "minecraft:item/diamond_helmet_gravitite_trim",
      "predicate": {
        "trim_type": 0.99
      }
    },
    {
      "model": "minecraft:item/diamond_helmet_amethyst_trim",
      "predicate": {
        "trim_type": 1.0
      }
    }
  ],
  "textures": {
    "layer0": "minecraft:item/diamond_helmet"
  }
}