{
  "parent": "minecraft:item/generated",
  "overrides": [
    {
      "model": "minecraft:item/golden_leggings_quartz_trim",
      "predicate": {
        "trim_type": 0.1
      }
    },
    {
      "model": "minecraft:item/golden_leggings_ostrum_trim",
      "predicate": {
        "trim_type": 0.15
      }
    },
    {
      "model": "minecraft:item/golden_leggings_iron_trim",
      "predicate": {
        "trim_type": 0.2
      }
    },
    {
      "model": "minecraft:item/golden_leggings_netherite_trim",
      "predicate": {
        "trim_type": 0.3
      }
    },
    {
      "model": "minecraft:item/golden_leggings_steel_trim",
      "predicate": {
        "trim_type": 0.35
      }
    },
    {
      "model": "minecraft:item/golden_leggings_redstone_trim",
      "predicate": {
        "trim_type": 0.4
      }
    },
    {
      "model": "minecraft:item/golden_leggings_calorite_trim",
      "predicate": {
        "trim_type": 0.45
      }
    },
    {
      "model": "minecraft:item/golden_leggings_copper_trim",
      "predicate": {
        "trim_type": 0.5
      }
    },
    {
      "model": "minecraft:item/golden_leggings_desh_trim",
      "predicate": {
        "trim_type": 0.55
      }
    },
    {
      "model": "minecraft:item/golden_leggings_gold_darker_trim",
      "predicate": {
        "trim_type": 0.6
      }
    },
    {
      "model": "minecraft:item/golden_leggings_emerald_trim",
      "predicate": {
        "trim_type": 0.7
      }
    },
    {
      "model": "minecraft:item/golden_leggings_diamond_trim",
      "predicate": {
        "trim_type": 0.8
      }
    },
    {
      "model": "minecraft:item/golden_leggings_lapis_trim",
      "predicate": {
        "trim_type": 0.9
      }
    },
    {
      "model": "minecraft:item/golden_leggings_zanite_trim",
      "predicate": {
        "trim_type": 0.98
      }
    },
    {
      "model": "minecraft:item/golden_leggings_gravitite_trim",
      "predicate": {
        "trim_type": 0.99
      }
    },
    {
      "model": "minecraft:item/golden_leggings_amethyst_trim",
      "predicate": {
        "trim_type": 1.0
      }
    }
  ],
  "textures": {
    "layer0": "minecraft:item/golden_leggings"
  }
}