{
  "parent": "minecraft:item/generated",
  "overrides": [
    {
      "model": "minecraft:item/gravitite_boots_quartz_trim",
      "predicate": {
        "trim_type": 0.1
      }
    },
    {
      "model": "minecraft:item/gravitite_boots_ostrum_trim",
      "predicate": {
        "trim_type": 0.15
      }
    },
    {
      "model": "minecraft:item/gravitite_boots_iron_trim",
      "predicate": {
        "trim_type": 0.2
      }
    },
    {
      "model": "minecraft:item/gravitite_boots_netherite_trim",
      "predicate": {
        "trim_type": 0.3
      }
    },
    {
      "model": "minecraft:item/gravitite_boots_steel_trim",
      "predicate": {
        "trim_type": 0.35
      }
    },
    {
      "model": "minecraft:item/gravitite_boots_redstone_trim",
      "predicate": {
        "trim_type": 0.4
      }
    },
    {
      "model": "minecraft:item/gravitite_boots_calorite_trim",
      "predicate": {
        "trim_type": 0.45
      }
    },
    {
      "model": "minecraft:item/gravitite_boots_copper_trim",
      "predicate": {
        "trim_type": 0.5
      }
    },
    {
      "model": "minecraft:item/gravitite_boots_desh_trim",
      "predicate": {
        "trim_type": 0.55
      }
    },
    {
      "model": "minecraft:item/gravitite_boots_gold_trim",
      "predicate": {
        "trim_type": 0.6
      }
    },
    {
      "model": "minecraft:item/gravitite_boots_emerald_trim",
      "predicate": {
        "trim_type": 0.7
      }
    },
    {
      "model": "minecraft:item/gravitite_boots_diamond_trim",
      "predicate": {
        "trim_type": 0.8
      }
    },
    {
      "model": "minecraft:item/gravitite_boots_lapis_trim",
      "predicate": {
        "trim_type": 0.9
      }
    },
    {
      "model": "minecraft:item/gravitite_boots_zanite_trim",
      "predicate": {
        "trim_type": 0.98
      }
    },
    {
      "model": "minecraft:item/gravitite_boots_gravitite_trim",
      "predicate": {
        "trim_type": 0.99
      }
    },
    {
      "model": "minecraft:item/gravitite_boots_amethyst_trim",
      "predicate": {
        "trim_type": 1.0
      }
    }
  ],
  "textures": {
    "layer0": "aether:item/gravitite_boots"
  }
}